Genus,s.off,s.on,index,stat,p.value
 g__Catenibacterium,1,0,1,0.652937697801936,0.033
 g__Anaerovibrio,1,0,1,0.46083490825189827,0.041
 g__CAG-873,1,0,1,0.41226184469425453,0.023
 g__Clostridia_UCG-014,1,0,1,0.6102442398784931,0.047
